gen_freq, delivery ratio, avg delivery delay, graynodes ratio
300,0.5763888888888888,154376.81927710844,
300,0.06785714285714285,3101.0947368421052,
300,0.17214285714285715,31507.90456431535,0.3,1,
[[189212      0]
 [ 24744  56286]]
[[19454     0 18334     0 19038     0 18295     0 18536     0 19043     0 18798     0 18860     0 19352     0 19502     0]
 [ 8422     0  7509   559  5504  2460  2611  5242   357  7633    29  8080   127  8225    71  7825     8  8054   106  8208]],
300,0.18357142857142858,27944.186770428016,0.3,1,
[[189212      0]
 [ 24403  56627]]
[[19454     0 18334     0 19038     0 18295     0 18536     0 19043     0 18798     0 18860     0 19352     0 19502     0]
 [ 8422     0  7512   556  5493  2471  2459  5394   210  7780    10  8099   141  8211    60  7836    26  8036    70  8244]],

